Network ID	Year	Period	Fueling-Station Demand [kg]	Ammonia [kg]	Biofuels [kg]	Methanol [kg]	FT Fuels [kg]	Metals [kg]	Natural Gas Blending [kg]	Seasonal Grid Storage [kg]	Other [kg]
TAZ_531	2025	1 Year	0	0	0	0	0	0	0	0	2946963.01
TAZ_1408	2025	1 Year	0	0	0	0	0	0	0	0	2472435.766
TAZ_2312	2025	1 Year	0	0	0	0	0	0	0	0	2475082.484
TAZ_2947	2025	1 Year	0	0	0	0	0	0	0	0	1115726.835
TAZ_4619	2025	1 Year	0	0	0	0	0	0	0	0	6980962.108
TAZ_6424	2025	1 Year	0	0	0	0	0	0	0	0	5439401.899
TAZ_531	2026	1 Year	0	0	0	0	0	0	0	0	9807241.098
TAZ_1408	2026	1 Year	0	0	0	0	0	0	0	0	10483615.9
TAZ_2312	2026	1 Year	0	0	0	0	0	0	0	0	10213750.3
TAZ_2947	2026	1 Year	0	0	0	0	0	0	0	0	7856530.87
TAZ_4619	2026	1 Year	0	0	0	0	0	0	0	0	25490604.8
TAZ_6424	2026	1 Year	0	0	0	0	0	0	0	0	21287759.59
TAZ_531	2027	1 Year	0	0	0	0	0	0	0	0	16667519.19
TAZ_1408	2027	1 Year	0	0	0	0	0	0	0	0	18494796.04
TAZ_2312	2027	1 Year	0	0	0	0	0	0	0	0	17952418.12
TAZ_2947	2027	1 Year	0	0	0	0	0	0	0	0	14597334.9
TAZ_4619	2027	1 Year	0	0	0	0	0	0	0	0	44000247.48
TAZ_6424	2027	1 Year	0	0	0	0	0	0	0	0	37136117.28
TAZ_531	2028	1 Year	0	0	0	0	0	0	0	0	23527797.27
TAZ_1408	2028	1 Year	0	0	0	0	0	0	0	0	26505976.18
TAZ_2312	2028	1 Year	0	0	0	0	0	0	0	0	25691085.94
TAZ_2947	2028	1 Year	0	0	0	0	0	0	0	0	21338138.94
TAZ_4619	2028	1 Year	0	0	0	0	0	0	0	0	62509890.17
TAZ_6424	2028	1 Year	0	0	0	0	0	0	0	0	52984474.97
TAZ_531	2029	1 Year	0	0	0	0	0	0	0	0	30388075.36
TAZ_1408	2029	1 Year	0	0	0	0	0	0	0	0	34517156.32
TAZ_2312	2029	1 Year	0	0	0	0	0	0	0	0	33429753.76
TAZ_2947	2029	1 Year	0	0	0	0	0	0	0	0	28078942.97
TAZ_4619	2029	1 Year	0	0	0	0	0	0	0	0	81019532.86
TAZ_6424	2029	1 Year	0	0	0	0	0	0	0	0	68832832.66
TAZ_531	2030	1 Year	0	0	0	0	0	0	0	0	37248353.45
TAZ_1408	2030	1 Year	0	0	0	0	0	0	0	0	42528336.45
TAZ_2312	2030	1 Year	0	0	0	0	0	0	0	0	41168421.58
TAZ_2947	2030	1 Year	0	0	0	0	0	0	0	0	34819747.01
TAZ_4619	2030	1 Year	0	0	0	0	0	0	0	0	99529175.54
TAZ_6424	2030	1 Year	0	0	0	0	0	0	0	0	84681190.35
TAZ_531	2031	1 Year	0	0	0	0	0	0	0	0	56158877.9
TAZ_1408	2031	1 Year	0	0	0	0	0	0	0	0	61556360.01
TAZ_2312	2031	1 Year	0	0	0	0	0	0	0	0	62924964.26
TAZ_2947	2031	1 Year	0	0	0	0	0	0	0	0	53938887.88
TAZ_4619	2031	1 Year	0	0	0	0	0	0	0	0	151367682.7
TAZ_6424	2031	1 Year	0	0	0	0	0	0	0	0	125381830.8
TAZ_531	2032	1 Year	0	0	0	0	0	0	0	0	75069402.34
TAZ_1408	2032	1 Year	0	0	0	0	0	0	0	0	80584383.57
TAZ_2312	2032	1 Year	0	0	0	0	0	0	0	0	84681506.93
TAZ_2947	2032	1 Year	0	0	0	0	0	0	0	0	73058028.76
TAZ_4619	2032	1 Year	0	0	0	0	0	0	0	0	203206189.9
TAZ_6424	2032	1 Year	0	0	0	0	0	0	0	0	166082471.3
TAZ_531	2033	1 Year	0	0	0	0	0	0	0	0	93979926.79
TAZ_1408	2033	1 Year	0	0	0	0	0	0	0	0	99612407.12
TAZ_2312	2033	1 Year	0	0	0	0	0	0	0	0	106438049.6
TAZ_2947	2033	1 Year	0	0	0	0	0	0	0	0	92177169.64
TAZ_4619	2033	1 Year	0	0	0	0	0	0	0	0	255044697.1
TAZ_6424	2033	1 Year	0	0	0	0	0	0	0	0	206783111.8
TAZ_531	2034	1 Year	0	0	0	0	0	0	0	0	112890451.2
TAZ_1408	2034	1 Year	0	0	0	0	0	0	0	0	118640430.7
TAZ_2312	2034	1 Year	0	0	0	0	0	0	0	0	128194592.3
TAZ_2947	2034	1 Year	0	0	0	0	0	0	0	0	111296310.5
TAZ_4619	2034	1 Year	0	0	0	0	0	0	0	0	306883204.3
TAZ_6424	2034	1 Year	0	0	0	0	0	0	0	0	247483752.3
TAZ_531	2035	1 Year	0	0	0	0	0	0	0	0	131800975.7
TAZ_1408	2035	1 Year	0	0	0	0	0	0	0	0	137668454.2
TAZ_2312	2035	1 Year	0	0	0	0	0	0	0	0	149951135
TAZ_2947	2035	1 Year	0	0	0	0	0	0	0	0	130415451.4
TAZ_4619	2035	1 Year	0	0	0	0	0	0	0	0	358721711.5
TAZ_6424	2035	1 Year	0	0	0	0	0	0	0	0	288184392.8
TAZ_531	2036	1 Year	0	0	0	0	0	0	0	0	159473339
TAZ_1408	2036	1 Year	0	0	0	0	0	0	0	0	168868212
TAZ_2312	2036	1 Year	0	0	0	0	0	0	0	0	180974959.1
TAZ_2947	2036	1 Year	0	0	0	0	0	0	0	0	153767847.3
TAZ_4619	2036	1 Year	0	0	0	0	0	0	0	0	452934098.7
TAZ_6424	2036	1 Year	0	0	0	0	0	0	0	0	332037563.3
TAZ_531	2037	1 Year	0	0	0	0	0	0	0	0	187145702.3
TAZ_1408	2037	1 Year	0	0	0	0	0	0	0	0	200067969.8
TAZ_2312	2037	1 Year	0	0	0	0	0	0	0	0	211998783.2
TAZ_2947	2037	1 Year	0	0	0	0	0	0	0	0	177120243.1
TAZ_4619	2037	1 Year	0	0	0	0	0	0	0	0	547146486
TAZ_6424	2037	1 Year	0	0	0	0	0	0	0	0	375890733.8
TAZ_531	2038	1 Year	0	0	0	0	0	0	0	0	214818065.6
TAZ_1408	2038	1 Year	0	0	0	0	0	0	0	0	231267727.6
TAZ_2312	2038	1 Year	0	0	0	0	0	0	0	0	243022607.3
TAZ_2947	2038	1 Year	0	0	0	0	0	0	0	0	200472639
TAZ_4619	2038	1 Year	0	0	0	0	0	0	0	0	641358873.2
TAZ_6424	2038	1 Year	0	0	0	0	0	0	0	0	419743904.4
TAZ_531	2039	1 Year	0	0	0	0	0	0	0	0	242490428.9
TAZ_1408	2039	1 Year	0	0	0	0	0	0	0	0	262467485.4
TAZ_2312	2039	1 Year	0	0	0	0	0	0	0	0	274046431.4
TAZ_2947	2039	1 Year	0	0	0	0	0	0	0	0	223825034.9
TAZ_4619	2039	1 Year	0	0	0	0	0	0	0	0	735571260.4
TAZ_6424	2039	1 Year	0	0	0	0	0	0	0	0	463597074.9
TAZ_531	2040	1 Year	0	0	0	0	0	0	0	0	270162792.2
TAZ_1408	2040	1 Year	0	0	0	0	0	0	0	0	293667243.1
TAZ_2312	2040	1 Year	0	0	0	0	0	0	0	0	305070255.5
TAZ_2947	2040	1 Year	0	0	0	0	0	0	0	0	247177430.8
TAZ_4619	2040	1 Year	0	0	0	0	0	0	0	0	829783647.6
TAZ_6424	2040	1 Year	0	0	0	0	0	0	0	0	507450245.4
TAZ_531	2041	1 Year	0	0	0	0	0	0	0	0	301842946.8
TAZ_1408	2041	1 Year	0	0	0	0	0	0	0	0	330963460.3
TAZ_2312	2041	1 Year	0	0	0	0	0	0	0	0	338612301
TAZ_2947	2041	1 Year	0	0	0	0	0	0	0	0	279336105.4
TAZ_4619	2041	1 Year	0	0	0	0	0	0	0	0	929246476.5
TAZ_6424	2041	1 Year	0	0	0	0	0	0	0	0	572888987.8
TAZ_531	2042	1 Year	0	0	0	0	0	0	0	0	333523101.3
TAZ_1408	2042	1 Year	0	0	0	0	0	0	0	0	368259677.4
TAZ_2312	2042	1 Year	0	0	0	0	0	0	0	0	372154346.5
TAZ_2947	2042	1 Year	0	0	0	0	0	0	0	0	311494780.1
TAZ_4619	2042	1 Year	0	0	0	0	0	0	0	0	1028709305
TAZ_6424	2042	1 Year	0	0	0	0	0	0	0	0	638327730.3
TAZ_531	2043	1 Year	0	0	0	0	0	0	0	0	365203255.9
TAZ_1408	2043	1 Year	0	0	0	0	0	0	0	0	405555894.6
TAZ_2312	2043	1 Year	0	0	0	0	0	0	0	0	405696392
TAZ_2947	2043	1 Year	0	0	0	0	0	0	0	0	343653454.7
TAZ_4619	2043	1 Year	0	0	0	0	0	0	0	0	1128172134
TAZ_6424	2043	1 Year	0	0	0	0	0	0	0	0	703766472.7
TAZ_531	2044	1 Year	0	0	0	0	0	0	0	0	396883410.5
TAZ_1408	2044	1 Year	0	0	0	0	0	0	0	0	442852111.7
TAZ_2312	2044	1 Year	0	0	0	0	0	0	0	0	439238437.5
TAZ_2947	2044	1 Year	0	0	0	0	0	0	0	0	375812129.4
TAZ_4619	2044	1 Year	0	0	0	0	0	0	0	0	1227634963
TAZ_6424	2044	1 Year	0	0	0	0	0	0	0	0	769205215.2
TAZ_531	2045	1 Year	0	0	0	0	0	0	0	0	428563565
TAZ_1408	2045	1 Year	0	0	0	0	0	0	0	0	480148328.9
TAZ_2312	2045	1 Year	0	0	0	0	0	0	0	0	472780483
TAZ_2947	2045	1 Year	0	0	0	0	0	0	0	0	407970804
TAZ_4619	2045	1 Year	0	0	0	0	0	0	0	0	1327097792
TAZ_6424	2045	1 Year	0	0	0	0	0	0	0	0	834643957.6
TAZ_531	2046	1 Year	0	0	0	0	0	0	0	0	457267583.2
TAZ_1408	2046	1 Year	0	0	0	0	0	0	0	0	517390129.3
TAZ_2312	2046	1 Year	0	0	0	0	0	0	0	0	503871576.4
TAZ_2947	2046	1 Year	0	0	0	0	0	0	0	0	448416853.9
TAZ_4619	2046	1 Year	0	0	0	0	0	0	0	0	1436326184
TAZ_6424	2046	1 Year	0	0	0	0	0	0	0	0	876546368.6
TAZ_531	2047	1 Year	0	0	0	0	0	0	0	0	485971601.4
TAZ_1408	2047	1 Year	0	0	0	0	0	0	0	0	554631929.7
TAZ_2312	2047	1 Year	0	0	0	0	0	0	0	0	534962669.9
TAZ_2947	2047	1 Year	0	0	0	0	0	0	0	0	488862903.7
TAZ_4619	2047	1 Year	0	0	0	0	0	0	0	0	1545554577
TAZ_6424	2047	1 Year	0	0	0	0	0	0	0	0	918448779.6
TAZ_531	2048	1 Year	0	0	0	0	0	0	0	0	514675619.6
TAZ_1408	2048	1 Year	0	0	0	0	0	0	0	0	591873730.2
TAZ_2312	2048	1 Year	0	0	0	0	0	0	0	0	566053763.3
TAZ_2947	2048	1 Year	0	0	0	0	0	0	0	0	529308953.5
TAZ_4619	2048	1 Year	0	0	0	0	0	0	0	0	1654782970
TAZ_6424	2048	1 Year	0	0	0	0	0	0	0	0	960351190.6
TAZ_531	2049	1 Year	0	0	0	0	0	0	0	0	543379637.8
TAZ_1408	2049	1 Year	0	0	0	0	0	0	0	0	629115530.6
TAZ_2312	2049	1 Year	0	0	0	0	0	0	0	0	597144856.8
TAZ_2947	2049	1 Year	0	0	0	0	0	0	0	0	569755003.4
TAZ_4619	2049	1 Year	0	0	0	0	0	0	0	0	1764011362
TAZ_6424	2049	1 Year	0	0	0	0	0	0	0	0	1002253602
TAZ_531	2050	1 Year	0	0	0	0	0	0	0	0	572083656
TAZ_1408	2050	1 Year	0	0	0	0	0	0	0	0	666357331
TAZ_2312	2050	1 Year	0	0	0	0	0	0	0	0	628235950.2
TAZ_2947	2050	1 Year	0	0	0	0	0	0	0	0	610201053.2
TAZ_4619	2050	1 Year	0	0	0	0	0	0	0	0	1873239755
TAZ_6424	2050	1 Year	0	0	0	0	0	0	0	0	1044156013
WECC_AZ	2025	1 Year	0	0	0	0	0	0	0	0	670229.8507
WECC_CO	2025	1 Year	0	0	0	0	0	0	0	0	175204.3804
WECC_ID	2025	1 Year	0	0	0	0	0	0	0	0	62619.38369
WECC_IID	2025	1 Year	0	0	0	0	0	0	0	0	150885.5222
WECC_MT	2025	1 Year	0	0	0	0	0	0	0	0	151550.9037
WECC_NM	2025	1 Year	0	0	0	0	0	0	0	0	189726.2176
WECC_NNV	2025	1 Year	0	0	0	0	0	0	0	0	25114.77351
WECC_PNW	2025	1 Year	0	0	0	0	0	0	0	0	484140.6768
WECC_SCE	2025	1 Year	0	0	0	0	0	0	0	0	716281.406
WECC_SF	2025	1 Year	0	0	0	0	0	0	0	0	14364.3658
WECC_SNV	2025	1 Year	0	0	0	0	0	0	0	0	45602.31818
WECC_UT	2025	1 Year	0	0	0	0	0	0	0	0	293363.439
WECC_WY	2025	1 Year	0	0	0	0	0	0	0	0	176989.0871
WEC_CALN	2025	1 Year	0	0	0	0	0	0	0	0	1443203.33
WEC_LADW	2025	1 Year	0	0	0	0	0	0	0	0	458870.0506
WEC_SDGE	2025	1 Year	0	0	0	0	0	0	0	0	55045.34997
WECC_AZ	2026	1 Year	0	0	0	0	0	0	0	0	672724.7272
WECC_CO	2026	1 Year	0	0	0	0	0	0	0	0	171813.0683
WECC_ID	2026	1 Year	0	0	0	0	0	0	0	0	62189.63265
WECC_IID	2026	1 Year	0	0	0	0	0	0	0	0	165717.2554
WECC_MT	2026	1 Year	0	0	0	0	0	0	0	0	150023.3242
WECC_NM	2026	1 Year	0	0	0	0	0	0	0	0	187004.977
WECC_NNV	2026	1 Year	0	0	0	0	0	0	0	0	25460.10867
WECC_PNW	2026	1 Year	0	0	0	0	0	0	0	0	9069921.001
WECC_SCE	2026	1 Year	0	0	0	0	0	0	0	0	760511.271
WECC_SF	2026	1 Year	0	0	0	0	0	0	0	0	313233.3531
WECC_SNV	2026	1 Year	0	0	0	0	0	0	0	0	51493.164
WECC_UT	2026	1 Year	0	0	0	0	0	0	0	0	289310.9526
WECC_WY	2026	1 Year	0	0	0	0	0	0	0	0	180380.3992
WEC_CALN	2026	1 Year	0	0	0	0	0	0	0	0	65757174.52
WEC_LADW	2026	1 Year	0	0	0	0	0	0	0	0	501225.5682
WEC_SDGE	2026	1 Year	0	0	0	0	0	0	0	0	53699.46658
WECC_AZ	2027	1 Year	0	0	0	0	0	0	0	0	675219.6037
WECC_CO	2027	1 Year	0	0	0	0	0	0	0	0	168421.7563
WECC_ID	2027	1 Year	0	0	0	0	0	0	0	0	61759.8816
WECC_IID	2027	1 Year	0	0	0	0	0	0	0	0	180548.9885
WECC_MT	2027	1 Year	0	0	0	0	0	0	0	0	148495.7447
WECC_NM	2027	1 Year	0	0	0	0	0	0	0	0	184283.7365
WECC_NNV	2027	1 Year	0	0	0	0	0	0	0	0	25805.44383
WECC_PNW	2027	1 Year	0	0	0	0	0	0	0	0	17655701.32
WECC_SCE	2027	1 Year	0	0	0	0	0	0	0	0	804741.136
WECC_SF	2027	1 Year	0	0	0	0	0	0	0	0	612102.3404
WECC_SNV	2027	1 Year	0	0	0	0	0	0	0	0	57384.00982
WECC_UT	2027	1 Year	0	0	0	0	0	0	0	0	285258.4662
WECC_WY	2027	1 Year	0	0	0	0	0	0	0	0	183771.7113
WEC_CALN	2027	1 Year	0	0	0	0	0	0	0	0	130071145.7
WEC_LADW	2027	1 Year	0	0	0	0	0	0	0	0	543581.0858
WEC_SDGE	2027	1 Year	0	0	0	0	0	0	0	0	52353.58318
WECC_AZ	2028	1 Year	0	0	0	0	0	0	0	0	677714.4801
WECC_CO	2028	1 Year	0	0	0	0	0	0	0	0	165030.4442
WECC_ID	2028	1 Year	0	0	0	0	0	0	0	0	61330.13056
WECC_IID	2028	1 Year	0	0	0	0	0	0	0	0	195380.7217
WECC_MT	2028	1 Year	0	0	0	0	0	0	0	0	146968.1652
WECC_NM	2028	1 Year	0	0	0	0	0	0	0	0	181562.496
WECC_NNV	2028	1 Year	0	0	0	0	0	0	0	0	26150.779
WECC_PNW	2028	1 Year	0	0	0	0	0	0	0	0	26241481.65
WECC_SCE	2028	1 Year	0	0	0	0	0	0	0	0	848971.001
WECC_SF	2028	1 Year	0	0	0	0	0	0	0	0	910971.3277
WECC_SNV	2028	1 Year	0	0	0	0	0	0	0	0	63274.85564
WECC_UT	2028	1 Year	0	0	0	0	0	0	0	0	281205.9798
WECC_WY	2028	1 Year	0	0	0	0	0	0	0	0	187163.0233
WEC_CALN	2028	1 Year	0	0	0	0	0	0	0	0	194385116.9
WEC_LADW	2028	1 Year	0	0	0	0	0	0	0	0	585936.6034
WEC_SDGE	2028	1 Year	0	0	0	0	0	0	0	0	51007.69979
WECC_AZ	2029	1 Year	0	0	0	0	0	0	0	0	680209.3566
WECC_CO	2029	1 Year	0	0	0	0	0	0	0	0	161639.1321
WECC_ID	2029	1 Year	0	0	0	0	0	0	0	0	60900.37952
WECC_IID	2029	1 Year	0	0	0	0	0	0	0	0	210212.4548
WECC_MT	2029	1 Year	0	0	0	0	0	0	0	0	145440.5857
WECC_NM	2029	1 Year	0	0	0	0	0	0	0	0	178841.2555
WECC_NNV	2029	1 Year	0	0	0	0	0	0	0	0	26496.11416
WECC_PNW	2029	1 Year	0	0	0	0	0	0	0	0	34827261.97
WECC_SCE	2029	1 Year	0	0	0	0	0	0	0	0	893200.866
WECC_SF	2029	1 Year	0	0	0	0	0	0	0	0	1209840.315
WECC_SNV	2029	1 Year	0	0	0	0	0	0	0	0	69165.70145
WECC_UT	2029	1 Year	0	0	0	0	0	0	0	0	277153.4934
WECC_WY	2029	1 Year	0	0	0	0	0	0	0	0	190554.3354
WEC_CALN	2029	1 Year	0	0	0	0	0	0	0	0	258699088.1
WEC_LADW	2029	1 Year	0	0	0	0	0	0	0	0	628292.121
WEC_SDGE	2029	1 Year	0	0	0	0	0	0	0	0	49661.8164
WECC_AZ	2030	1 Year	0	0	0	0	0	0	0	0	682704.2331
WECC_CO	2030	1 Year	0	0	0	0	0	0	0	0	158247.82
WECC_ID	2030	1 Year	0	0	0	0	0	0	0	0	60470.62847
WECC_IID	2030	1 Year	0	0	0	0	0	0	0	0	225044.188
WECC_MT	2030	1 Year	0	0	0	0	0	0	0	0	143913.0063
WECC_NM	2030	1 Year	0	0	0	0	0	0	0	0	176120.0149
WECC_NNV	2030	1 Year	0	0	0	0	0	0	0	0	26841.44932
WECC_PNW	2030	1 Year	0	0	0	0	0	0	0	0	43413042.3
WECC_SCE	2030	1 Year	0	0	0	0	0	0	0	0	937430.731
WECC_SF	2030	1 Year	0	0	0	0	0	0	0	0	1508709.302
WECC_SNV	2030	1 Year	0	0	0	0	0	0	0	0	75056.54727
WECC_UT	2030	1 Year	0	0	0	0	0	0	0	0	273101.007
WECC_WY	2030	1 Year	0	0	0	0	0	0	0	0	193945.6475
WEC_CALN	2030	1 Year	0	0	0	0	0	0	0	0	323013059.3
WEC_LADW	2030	1 Year	0	0	0	0	0	0	0	0	670647.6386
WEC_SDGE	2030	1 Year	0	0	0	0	0	0	0	0	48315.933
WECC_AZ	2031	1 Year	0	0	0	0	0	0	0	0	684117.585
WECC_CO	2031	1 Year	0	0	0	0	0	0	0	0	158836.2402
WECC_ID	2031	1 Year	0	0	0	0	0	0	0	0	60277.63353
WECC_IID	2031	1 Year	0	0	0	0	0	0	0	0	244115.9102
WECC_MT	2031	1 Year	0	0	0	0	0	0	0	0	144253.2744
WECC_NM	2031	1 Year	0	0	0	0	0	0	0	0	174901.3283
WECC_NNV	2031	1 Year	0	0	0	0	0	0	0	0	28059.93062
WECC_PNW	2031	1 Year	0	0	0	0	0	0	0	0	69201487.04
WECC_SCE	2031	1 Year	0	0	0	0	0	0	0	0	1017210.701
WECC_SF	2031	1 Year	0	0	0	0	0	0	0	0	1363355.168
WECC_SNV	2031	1 Year	0	0	0	0	0	0	0	0	79989.13567
WECC_UT	2031	1 Year	0	0	0	0	0	0	0	0	266607.999
WECC_WY	2031	1 Year	0	0	0	0	0	0	0	0	193357.2273
WEC_CALN	2031	1 Year	0	0	0	0	0	0	0	0	338633014.4
WEC_LADW	2031	1 Year	0	0	0	0	0	0	0	0	758221.46
WEC_SDGE	2031	1 Year	0	0	0	0	0	0	0	0	54669.86222
WECC_AZ	2032	1 Year	0	0	0	0	0	0	0	0	685530.9368
WECC_CO	2032	1 Year	0	0	0	0	0	0	0	0	159424.6604
WECC_ID	2032	1 Year	0	0	0	0	0	0	0	0	60084.63859
WECC_IID	2032	1 Year	0	0	0	0	0	0	0	0	263187.6324
WECC_MT	2032	1 Year	0	0	0	0	0	0	0	0	144593.5425
WECC_NM	2032	1 Year	0	0	0	0	0	0	0	0	173682.6416
WECC_NNV	2032	1 Year	0	0	0	0	0	0	0	0	29278.41191
WECC_PNW	2032	1 Year	0	0	0	0	0	0	0	0	94989931.79
WECC_SCE	2032	1 Year	0	0	0	0	0	0	0	0	1096990.671
WECC_SF	2032	1 Year	0	0	0	0	0	0	0	0	1218001.035
WECC_SNV	2032	1 Year	0	0	0	0	0	0	0	0	84921.72407
WECC_UT	2032	1 Year	0	0	0	0	0	0	0	0	260114.9909
WECC_WY	2032	1 Year	0	0	0	0	0	0	0	0	192768.8072
WEC_CALN	2032	1 Year	0	0	0	0	0	0	0	0	354252969.4
WEC_LADW	2032	1 Year	0	0	0	0	0	0	0	0	845795.2815
WEC_SDGE	2032	1 Year	0	0	0	0	0	0	0	0	61023.79144
WECC_AZ	2033	1 Year	0	0	0	0	0	0	0	0	686944.2887
WECC_CO	2033	1 Year	0	0	0	0	0	0	0	0	160013.0805
WECC_ID	2033	1 Year	0	0	0	0	0	0	0	0	59891.64365
WECC_IID	2033	1 Year	0	0	0	0	0	0	0	0	282259.3546
WECC_MT	2033	1 Year	0	0	0	0	0	0	0	0	144933.8106
WECC_NM	2033	1 Year	0	0	0	0	0	0	0	0	172463.955
WECC_NNV	2033	1 Year	0	0	0	0	0	0	0	0	30496.8932
WECC_PNW	2033	1 Year	0	0	0	0	0	0	0	0	120778376.5
WECC_SCE	2033	1 Year	0	0	0	0	0	0	0	0	1176770.641
WECC_SF	2033	1 Year	0	0	0	0	0	0	0	0	1072646.901
WECC_SNV	2033	1 Year	0	0	0	0	0	0	0	0	89854.31247
WECC_UT	2033	1 Year	0	0	0	0	0	0	0	0	253621.9828
WECC_WY	2033	1 Year	0	0	0	0	0	0	0	0	192180.387
WEC_CALN	2033	1 Year	0	0	0	0	0	0	0	0	369872924.5
WEC_LADW	2033	1 Year	0	0	0	0	0	0	0	0	933369.1029
WEC_SDGE	2033	1 Year	0	0	0	0	0	0	0	0	67377.72067
WECC_AZ	2034	1 Year	0	0	0	0	0	0	0	0	688357.6406
WECC_CO	2034	1 Year	0	0	0	0	0	0	0	0	160601.5007
WECC_ID	2034	1 Year	0	0	0	0	0	0	0	0	59698.64871
WECC_IID	2034	1 Year	0	0	0	0	0	0	0	0	301331.0768
WECC_MT	2034	1 Year	0	0	0	0	0	0	0	0	145274.0787
WECC_NM	2034	1 Year	0	0	0	0	0	0	0	0	171245.2683
WECC_NNV	2034	1 Year	0	0	0	0	0	0	0	0	31715.37449
WECC_PNW	2034	1 Year	0	0	0	0	0	0	0	0	146566821.3
WECC_SCE	2034	1 Year	0	0	0	0	0	0	0	0	1256550.611
WECC_SF	2034	1 Year	0	0	0	0	0	0	0	0	927292.7669
WECC_SNV	2034	1 Year	0	0	0	0	0	0	0	0	94786.90087
WECC_UT	2034	1 Year	0	0	0	0	0	0	0	0	247128.9747
WECC_WY	2034	1 Year	0	0	0	0	0	0	0	0	191591.9668
WEC_CALN	2034	1 Year	0	0	0	0	0	0	0	0	385492879.5
WEC_LADW	2034	1 Year	0	0	0	0	0	0	0	0	1020942.924
WEC_SDGE	2034	1 Year	0	0	0	0	0	0	0	0	73731.64989
WECC_AZ	2035	1 Year	0	0	0	0	0	0	0	0	689770.9925
WECC_CO	2035	1 Year	0	0	0	0	0	0	0	0	161189.9209
WECC_ID	2035	1 Year	0	0	0	0	0	0	0	0	59505.65377
WECC_IID	2035	1 Year	0	0	0	0	0	0	0	0	320402.799
WECC_MT	2035	1 Year	0	0	0	0	0	0	0	0	145614.3468
WECC_NM	2035	1 Year	0	0	0	0	0	0	0	0	170026.5817
WECC_NNV	2035	1 Year	0	0	0	0	0	0	0	0	32933.85579
WECC_PNW	2035	1 Year	0	0	0	0	0	0	0	0	172355266
WECC_SCE	2035	1 Year	0	0	0	0	0	0	0	0	1336330.581
WECC_SF	2035	1 Year	0	0	0	0	0	0	0	0	781938.633
WECC_SNV	2035	1 Year	0	0	0	0	0	0	0	0	99719.48927
WECC_UT	2035	1 Year	0	0	0	0	0	0	0	0	240635.9666
WECC_WY	2035	1 Year	0	0	0	0	0	0	0	0	191003.5466
WEC_CALN	2035	1 Year	0	0	0	0	0	0	0	0	401112834.6
WEC_LADW	2035	1 Year	0	0	0	0	0	0	0	0	1108516.746
WEC_SDGE	2035	1 Year	0	0	0	0	0	0	0	0	80085.57911
WECC_AZ	2036	1 Year	0	0	0	0	0	0	0	0	850985.4654
WECC_CO	2036	1 Year	0	0	0	0	0	0	0	0	781455.339
WECC_ID	2036	1 Year	0	0	0	0	0	0	0	0	483120.9851
WECC_IID	2036	1 Year	0	0	0	0	0	0	0	0	634686.7938
WECC_MT	2036	1 Year	0	0	0	0	0	0	0	0	1084183.452
WECC_NM	2036	1 Year	0	0	0	0	0	0	0	0	169661.0056
WECC_NNV	2036	1 Year	0	0	0	0	0	0	0	0	373199.8629
WECC_PNW	2036	1 Year	0	0	0	0	0	0	0	0	187504728
WECC_SCE	2036	1 Year	0	0	0	0	0	0	0	0	1536306.722
WECC_SF	2036	1 Year	0	0	0	0	0	0	0	0	717918.0176
WECC_SNV	2036	1 Year	0	0	0	0	0	0	0	0	1084578.156
WECC_UT	2036	1 Year	0	0	0	0	0	0	0	0	1789435.061
WECC_WY	2036	1 Year	0	0	0	0	0	0	0	0	884674.9405
WEC_CALN	2036	1 Year	0	0	0	0	0	0	0	0	364994380.5
WEC_LADW	2036	1 Year	0	0	0	0	0	0	0	0	1260891.131
WEC_SDGE	2036	1 Year	0	0	0	0	0	0	0	0	109211.112
WECC_AZ	2037	1 Year	0	0	0	0	0	0	0	0	1012199.938
WECC_CO	2037	1 Year	0	0	0	0	0	0	0	0	1401720.757
WECC_ID	2037	1 Year	0	0	0	0	0	0	0	0	906736.3165
WECC_IID	2037	1 Year	0	0	0	0	0	0	0	0	948970.7887
WECC_MT	2037	1 Year	0	0	0	0	0	0	0	0	2022752.557
WECC_NM	2037	1 Year	0	0	0	0	0	0	0	0	169295.4295
WECC_NNV	2037	1 Year	0	0	0	0	0	0	0	0	713465.8699
WECC_PNW	2037	1 Year	0	0	0	0	0	0	0	0	202654190.1
WECC_SCE	2037	1 Year	0	0	0	0	0	0	0	0	1736282.864
WECC_SF	2037	1 Year	0	0	0	0	0	0	0	0	653897.4022
WECC_SNV	2037	1 Year	0	0	0	0	0	0	0	0	2069436.822
WECC_UT	2037	1 Year	0	0	0	0	0	0	0	0	3338234.155
WECC_WY	2037	1 Year	0	0	0	0	0	0	0	0	1578346.334
WEC_CALN	2037	1 Year	0	0	0	0	0	0	0	0	328875926.4
WEC_LADW	2037	1 Year	0	0	0	0	0	0	0	0	1413265.515
WEC_SDGE	2037	1 Year	0	0	0	0	0	0	0	0	138336.6448
WECC_AZ	2038	1 Year	0	0	0	0	0	0	0	0	1173414.411
WECC_CO	2038	1 Year	0	0	0	0	0	0	0	0	2021986.175
WECC_ID	2038	1 Year	0	0	0	0	0	0	0	0	1330351.648
WECC_IID	2038	1 Year	0	0	0	0	0	0	0	0	1263254.784
WECC_MT	2038	1 Year	0	0	0	0	0	0	0	0	2961321.662
WECC_NM	2038	1 Year	0	0	0	0	0	0	0	0	168929.8534
WECC_NNV	2038	1 Year	0	0	0	0	0	0	0	0	1053731.877
WECC_PNW	2038	1 Year	0	0	0	0	0	0	0	0	217803652.1
WECC_SCE	2038	1 Year	0	0	0	0	0	0	0	0	1936259.005
WECC_SF	2038	1 Year	0	0	0	0	0	0	0	0	589876.7868
WECC_SNV	2038	1 Year	0	0	0	0	0	0	0	0	3054295.489
WECC_UT	2038	1 Year	0	0	0	0	0	0	0	0	4887033.249
WECC_WY	2038	1 Year	0	0	0	0	0	0	0	0	2272017.728
WEC_CALN	2038	1 Year	0	0	0	0	0	0	0	0	292757472.2
WEC_LADW	2038	1 Year	0	0	0	0	0	0	0	0	1565639.9
WEC_SDGE	2038	1 Year	0	0	0	0	0	0	0	0	167462.1777
WECC_AZ	2039	1 Year	0	0	0	0	0	0	0	0	1334628.884
WECC_CO	2039	1 Year	0	0	0	0	0	0	0	0	2642251.593
WECC_ID	2039	1 Year	0	0	0	0	0	0	0	0	1753966.979
WECC_IID	2039	1 Year	0	0	0	0	0	0	0	0	1577538.778
WECC_MT	2039	1 Year	0	0	0	0	0	0	0	0	3899890.767
WECC_NM	2039	1 Year	0	0	0	0	0	0	0	0	168564.2774
WECC_NNV	2039	1 Year	0	0	0	0	0	0	0	0	1393997.884
WECC_PNW	2039	1 Year	0	0	0	0	0	0	0	0	232953114.1
WECC_SCE	2039	1 Year	0	0	0	0	0	0	0	0	2136235.147
WECC_SF	2039	1 Year	0	0	0	0	0	0	0	0	525856.1714
WECC_SNV	2039	1 Year	0	0	0	0	0	0	0	0	4039154.156
WECC_UT	2039	1 Year	0	0	0	0	0	0	0	0	6435832.343
WECC_WY	2039	1 Year	0	0	0	0	0	0	0	0	2965689.122
WEC_CALN	2039	1 Year	0	0	0	0	0	0	0	0	256639018.1
WEC_LADW	2039	1 Year	0	0	0	0	0	0	0	0	1718014.285
WEC_SDGE	2039	1 Year	0	0	0	0	0	0	0	0	196587.7105
WECC_AZ	2040	1 Year	0	0	0	0	0	0	0	0	1495843.357
WECC_CO	2040	1 Year	0	0	0	0	0	0	0	0	3262517.011
WECC_ID	2040	1 Year	0	0	0	0	0	0	0	0	2177582.31
WECC_IID	2040	1 Year	0	0	0	0	0	0	0	0	1891822.773
WECC_MT	2040	1 Year	0	0	0	0	0	0	0	0	4838459.873
WECC_NM	2040	1 Year	0	0	0	0	0	0	0	0	168198.7013
WECC_NNV	2040	1 Year	0	0	0	0	0	0	0	0	1734263.891
WECC_PNW	2040	1 Year	0	0	0	0	0	0	0	0	248102576.2
WECC_SCE	2040	1 Year	0	0	0	0	0	0	0	0	2336211.288
WECC_SF	2040	1 Year	0	0	0	0	0	0	0	0	461835.556
WECC_SNV	2040	1 Year	0	0	0	0	0	0	0	0	5024012.822
WECC_UT	2040	1 Year	0	0	0	0	0	0	0	0	7984631.437
WECC_WY	2040	1 Year	0	0	0	0	0	0	0	0	3659360.516
WEC_CALN	2040	1 Year	0	0	0	0	0	0	0	0	220520564
WEC_LADW	2040	1 Year	0	0	0	0	0	0	0	0	1870388.67
WEC_SDGE	2040	1 Year	0	0	0	0	0	0	0	0	225713.2434
WECC_AZ	2041	1 Year	0	0	0	0	0	0	0	0	1756251.024
WECC_CO	2041	1 Year	0	0	0	0	0	0	0	0	6292341.462
WECC_ID	2041	1 Year	0	0	0	0	0	0	0	0	2848392.574
WECC_IID	2041	1 Year	0	0	0	0	0	0	0	0	9693818.795
WECC_MT	2041	1 Year	0	0	0	0	0	0	0	0	6302237.393
WECC_NM	2041	1 Year	0	0	0	0	0	0	0	0	167333.4038
WECC_NNV	2041	1 Year	0	0	0	0	0	0	0	0	2257937.571
WECC_PNW	2041	1 Year	0	0	0	0	0	0	0	0	327906855.5
WECC_SCE	2041	1 Year	0	0	0	0	0	0	0	0	10138504.63
WECC_SF	2041	1 Year	0	0	0	0	0	0	0	0	457764.4995
WECC_SNV	2041	1 Year	0	0	0	0	0	0	0	0	6508905.425
WECC_UT	2041	1 Year	0	0	0	0	0	0	0	0	10343638.15
WECC_WY	2041	1 Year	0	0	0	0	0	0	0	0	7194488.029
WEC_CALN	2041	1 Year	0	0	0	0	0	0	0	0	262397302.4
WEC_LADW	2041	1 Year	0	0	0	0	0	0	0	0	9575382.397
WEC_SDGE	2041	1 Year	0	0	0	0	0	0	0	0	1241570.18
WECC_AZ	2042	1 Year	0	0	0	0	0	0	0	0	2016658.691
WECC_CO	2042	1 Year	0	0	0	0	0	0	0	0	9322165.913
WECC_ID	2042	1 Year	0	0	0	0	0	0	0	0	3519202.837
WECC_IID	2042	1 Year	0	0	0	0	0	0	0	0	17495814.82
WECC_MT	2042	1 Year	0	0	0	0	0	0	0	0	7766014.913
WECC_NM	2042	1 Year	0	0	0	0	0	0	0	0	166468.1063
WECC_NNV	2042	1 Year	0	0	0	0	0	0	0	0	2781611.25
WECC_PNW	2042	1 Year	0	0	0	0	0	0	0	0	407711134.8
WECC_SCE	2042	1 Year	0	0	0	0	0	0	0	0	17940797.96
WECC_SF	2042	1 Year	0	0	0	0	0	0	0	0	453693.443
WECC_SNV	2042	1 Year	0	0	0	0	0	0	0	0	7993798.027
WECC_UT	2042	1 Year	0	0	0	0	0	0	0	0	12702644.86
WECC_WY	2042	1 Year	0	0	0	0	0	0	0	0	10729615.54
WEC_CALN	2042	1 Year	0	0	0	0	0	0	0	0	304274040.7
WEC_LADW	2042	1 Year	0	0	0	0	0	0	0	0	17280376.12
WEC_SDGE	2042	1 Year	0	0	0	0	0	0	0	0	2257427.116
WECC_AZ	2043	1 Year	0	0	0	0	0	0	0	0	2277066.358
WECC_CO	2043	1 Year	0	0	0	0	0	0	0	0	12351990.36
WECC_ID	2043	1 Year	0	0	0	0	0	0	0	0	4190013.101
WECC_IID	2043	1 Year	0	0	0	0	0	0	0	0	25297810.84
WECC_MT	2043	1 Year	0	0	0	0	0	0	0	0	9229792.434
WECC_NM	2043	1 Year	0	0	0	0	0	0	0	0	165602.8088
WECC_NNV	2043	1 Year	0	0	0	0	0	0	0	0	3305284.93
WECC_PNW	2043	1 Year	0	0	0	0	0	0	0	0	487515414.2
WECC_SCE	2043	1 Year	0	0	0	0	0	0	0	0	25743091.3
WECC_SF	2043	1 Year	0	0	0	0	0	0	0	0	449622.3864
WECC_SNV	2043	1 Year	0	0	0	0	0	0	0	0	9478690.63
WECC_UT	2043	1 Year	0	0	0	0	0	0	0	0	15061651.57
WECC_WY	2043	1 Year	0	0	0	0	0	0	0	0	14264743.06
WEC_CALN	2043	1 Year	0	0	0	0	0	0	0	0	346150779.1
WEC_LADW	2043	1 Year	0	0	0	0	0	0	0	0	24985369.85
WEC_SDGE	2043	1 Year	0	0	0	0	0	0	0	0	3273284.052
WECC_AZ	2044	1 Year	0	0	0	0	0	0	0	0	2537474.025
WECC_CO	2044	1 Year	0	0	0	0	0	0	0	0	15381814.81
WECC_ID	2044	1 Year	0	0	0	0	0	0	0	0	4860823.364
WECC_IID	2044	1 Year	0	0	0	0	0	0	0	0	33099806.86
WECC_MT	2044	1 Year	0	0	0	0	0	0	0	0	10693569.95
WECC_NM	2044	1 Year	0	0	0	0	0	0	0	0	164737.5114
WECC_NNV	2044	1 Year	0	0	0	0	0	0	0	0	3828958.609
WECC_PNW	2044	1 Year	0	0	0	0	0	0	0	0	567319693.5
WECC_SCE	2044	1 Year	0	0	0	0	0	0	0	0	33545384.64
WECC_SF	2044	1 Year	0	0	0	0	0	0	0	0	445551.3299
WECC_SNV	2044	1 Year	0	0	0	0	0	0	0	0	10963583.23
WECC_UT	2044	1 Year	0	0	0	0	0	0	0	0	17420658.28
WECC_WY	2044	1 Year	0	0	0	0	0	0	0	0	17799870.57
WEC_CALN	2044	1 Year	0	0	0	0	0	0	0	0	388027517.4
WEC_LADW	2044	1 Year	0	0	0	0	0	0	0	0	32690363.58
WEC_SDGE	2044	1 Year	0	0	0	0	0	0	0	0	4289140.989
WECC_AZ	2045	1 Year	0	0	0	0	0	0	0	0	2797881.692
WECC_CO	2045	1 Year	0	0	0	0	0	0	0	0	18411639.27
WECC_ID	2045	1 Year	0	0	0	0	0	0	0	0	5531633.628
WECC_IID	2045	1 Year	0	0	0	0	0	0	0	0	40901802.88
WECC_MT	2045	1 Year	0	0	0	0	0	0	0	0	12157347.47
WECC_NM	2045	1 Year	0	0	0	0	0	0	0	0	163872.2139
WECC_NNV	2045	1 Year	0	0	0	0	0	0	0	0	4352632.289
WECC_PNW	2045	1 Year	0	0	0	0	0	0	0	0	647123972.9
WECC_SCE	2045	1 Year	0	0	0	0	0	0	0	0	41347677.98
WECC_SF	2045	1 Year	0	0	0	0	0	0	0	0	441480.2733
WECC_SNV	2045	1 Year	0	0	0	0	0	0	0	0	12448475.83
WECC_UT	2045	1 Year	0	0	0	0	0	0	0	0	19779664.99
WECC_WY	2045	1 Year	0	0	0	0	0	0	0	0	21334998.08
WEC_CALN	2045	1 Year	0	0	0	0	0	0	0	0	429904255.7
WEC_LADW	2045	1 Year	0	0	0	0	0	0	0	0	40395357.31
WEC_SDGE	2045	1 Year	0	0	0	0	0	0	0	0	5304997.925
WECC_AZ	2046	1 Year	0	0	0	0	0	0	0	0	2893747.35
WECC_CO	2046	1 Year	0	0	0	0	0	0	0	0	18103741.18
WECC_ID	2046	1 Year	0	0	0	0	0	0	0	0	5726104.837
WECC_IID	2046	1 Year	0	0	0	0	0	0	0	0	34942572.46
WECC_MT	2046	1 Year	0	0	0	0	0	0	0	0	12602499.41
WECC_NM	2046	1 Year	0	0	0	0	0	0	0	0	165406.4036
WECC_NNV	2046	1 Year	0	0	0	0	0	0	0	0	4267179.166
WECC_PNW	2046	1 Year	0	0	0	0	0	0	0	0	692742005.6
WECC_SCE	2046	1 Year	0	0	0	0	0	0	0	0	33818833.67
WECC_SF	2046	1 Year	0	0	0	0	0	0	0	0	491313.1238
WECC_SNV	2046	1 Year	0	0	0	0	0	0	0	0	11781398.35
WECC_UT	2046	1 Year	0	0	0	0	0	0	0	0	20289706.23
WECC_WY	2046	1 Year	0	0	0	0	0	0	0	0	20881638.23
WEC_CALN	2046	1 Year	0	0	0	0	0	0	0	0	417991006.4
WEC_LADW	2046	1 Year	0	0	0	0	0	0	0	0	33140680.21
WEC_SDGE	2046	1 Year	0	0	0	0	0	0	0	0	4502707.818
WECC_AZ	2047	1 Year	0	0	0	0	0	0	0	0	2989613.009
WECC_CO	2047	1 Year	0	0	0	0	0	0	0	0	17795843.09
WECC_ID	2047	1 Year	0	0	0	0	0	0	0	0	5920576.045
WECC_IID	2047	1 Year	0	0	0	0	0	0	0	0	28983342.05
WECC_MT	2047	1 Year	0	0	0	0	0	0	0	0	13047651.34
WECC_NM	2047	1 Year	0	0	0	0	0	0	0	0	166940.5933
WECC_NNV	2047	1 Year	0	0	0	0	0	0	0	0	4181726.043
WECC_PNW	2047	1 Year	0	0	0	0	0	0	0	0	738360038.3
WECC_SCE	2047	1 Year	0	0	0	0	0	0	0	0	26289989.37
WECC_SF	2047	1 Year	0	0	0	0	0	0	0	0	541145.9743
WECC_SNV	2047	1 Year	0	0	0	0	0	0	0	0	11114320.87
WECC_UT	2047	1 Year	0	0	0	0	0	0	0	0	20799747.46
WECC_WY	2047	1 Year	0	0	0	0	0	0	0	0	20428278.38
WEC_CALN	2047	1 Year	0	0	0	0	0	0	0	0	406077757
WEC_LADW	2047	1 Year	0	0	0	0	0	0	0	0	25886003.12
WEC_SDGE	2047	1 Year	0	0	0	0	0	0	0	0	3700417.711
WECC_AZ	2048	1 Year	0	0	0	0	0	0	0	0	3085478.668
WECC_CO	2048	1 Year	0	0	0	0	0	0	0	0	17487945.01
WECC_ID	2048	1 Year	0	0	0	0	0	0	0	0	6115047.254
WECC_IID	2048	1 Year	0	0	0	0	0	0	0	0	23024111.63
WECC_MT	2048	1 Year	0	0	0	0	0	0	0	0	13492803.28
WECC_NM	2048	1 Year	0	0	0	0	0	0	0	0	168474.783
WECC_NNV	2048	1 Year	0	0	0	0	0	0	0	0	4096272.92
WECC_PNW	2048	1 Year	0	0	0	0	0	0	0	0	783978071.1
WECC_SCE	2048	1 Year	0	0	0	0	0	0	0	0	18761145.06
WECC_SF	2048	1 Year	0	0	0	0	0	0	0	0	590978.8248
WECC_SNV	2048	1 Year	0	0	0	0	0	0	0	0	10447243.39
WECC_UT	2048	1 Year	0	0	0	0	0	0	0	0	21309788.69
WECC_WY	2048	1 Year	0	0	0	0	0	0	0	0	19974918.53
WEC_CALN	2048	1 Year	0	0	0	0	0	0	0	0	394164507.7
WEC_LADW	2048	1 Year	0	0	0	0	0	0	0	0	18631326.03
WEC_SDGE	2048	1 Year	0	0	0	0	0	0	0	0	2898127.604
WECC_AZ	2049	1 Year	0	0	0	0	0	0	0	0	3181344.327
WECC_CO	2049	1 Year	0	0	0	0	0	0	0	0	17180046.92
WECC_ID	2049	1 Year	0	0	0	0	0	0	0	0	6309518.463
WECC_IID	2049	1 Year	0	0	0	0	0	0	0	0	17064881.22
WECC_MT	2049	1 Year	0	0	0	0	0	0	0	0	13937955.21
WECC_NM	2049	1 Year	0	0	0	0	0	0	0	0	170008.9728
WECC_NNV	2049	1 Year	0	0	0	0	0	0	0	0	4010819.797
WECC_PNW	2049	1 Year	0	0	0	0	0	0	0	0	829596103.8
WECC_SCE	2049	1 Year	0	0	0	0	0	0	0	0	11232300.76
WECC_SF	2049	1 Year	0	0	0	0	0	0	0	0	640811.6753
WECC_SNV	2049	1 Year	0	0	0	0	0	0	0	0	9780165.913
WECC_UT	2049	1 Year	0	0	0	0	0	0	0	0	21819829.93
WECC_WY	2049	1 Year	0	0	0	0	0	0	0	0	19521558.68
WEC_CALN	2049	1 Year	0	0	0	0	0	0	0	0	382251258.3
WEC_LADW	2049	1 Year	0	0	0	0	0	0	0	0	11376648.93
WEC_SDGE	2049	1 Year	0	0	0	0	0	0	0	0	2095837.497
WEC_CALN	2050	1 Year	0	0	0	0	0	0	0	0	370338009
WEC_LADW	2050	1 Year	0	0	0	0	0	0	0	0	4121971.841
WEC_SDGE	2050	1 Year	0	0	0	0	0	0	0	0	1293547.39
WECC_AZ	2050	1 Year	0	0	0	0	0	0	0	0	3277209.985
WECC_CO	2050	1 Year	0	0	0	0	0	0	0	0	16872148.84
WECC_ID	2050	1 Year	0	0	0	0	0	0	0	0	6503989.672
WECC_IID	2050	1 Year	0	0	0	0	0	0	0	0	11105650.8
WECC_MT	2050	1 Year	0	0	0	0	0	0	0	0	14383107.15
WECC_NM	2050	1 Year	0	0	0	0	0	0	0	0	171543.1625
WECC_NNV	2050	1 Year	0	0	0	0	0	0	0	0	3925366.674
WECC_PNW	2050	1 Year	0	0	0	0	0	0	0	0	875214136.6
WECC_SCE	2050	1 Year	0	0	0	0	0	0	0	0	3703456.454
WECC_SF	2050	1 Year	0	0	0	0	0	0	0	0	690644.5258
WECC_SNV	2050	1 Year	0	0	0	0	0	0	0	0	9113088.433
WECC_UT	2050	1 Year	0	0	0	0	0	0	0	0	22329871.16
WECC_WY	2050	1 Year	0	0	0	0	0	0	0	0	19068198.83
